Date,Product,Price,Change
19-03-2026,Xăng RON 95-III,30690,+5120
19-03-2026,Xăng E10 RON 95-III,28660,+4600
19-03-2026,Xăng E5 RON 92-II,27170,+4670
19-03-2026,"Dầu DO 0,05S-II",33420,+6400
19-03-2026,"Dầu DO 0,001S-V",33620,+6400
12-03-2026,Xăng RON 95-III,25570,+330
12-03-2026,Xăng E10 RON 95-III,24060,+290
12-03-2026,Xăng E5 RON 92-II,22500,-450
12-03-2026,"Dầu DO 0,05S-II",27020,+550
12-03-2026,"Dầu DO 0,001S-V",27220,+550
11-03-2026,Xăng RON 95-III,25240,-1800
11-03-2026,Xăng E10 RON 95-III,23770,-2080
11-03-2026,Xăng E5 RON 92-II,22950,-2270
11-03-2026,"Dầu DO 0,05S-II",26470,-3760
11-03-2026,"Dầu DO 0,001S-V",26670,-3860
07-03-2026,Xăng RON 95-III,27040,+4700
07-03-2026,Xăng E10 RON 95-III,25850,+4120
07-03-2026,Xăng E5 RON 92-II,25220,+3780
07-03-2026,"Dầu DO 0,05S-II",30230,+7200
07-03-2026,"Dầu DO 0,001S-V",30530,+7200
07-03-2026,Dầu KO,35090,+8490
05-03-2026,Xăng RON 95-III,22340,+2190
05-03-2026,Xăng E10 RON 95-III,21730,+1910
05-03-2026,Xăng E5 RON 92-II,21440,+1920
05-03-2026,"Dầu DO 0,05S-II",23030,+3760
05-03-2026,"Dầu DO 0,001S-V",23330,+3760
05-03-2026,Dầu KO,26600,+7140
26-02-2026,Xăng RON 95-III,20150,+1000
26-02-2026,Xăng E10 RON 95-III,19820,+880
26-02-2026,Xăng E5 RON 92-II,19520,+890
26-02-2026,"Dầu DO 0,05S-II",19270,+750
26-02-2026,"Dầu DO 0,001S-V",19570,+700
26-02-2026,Dầu KO,19460,+850
20-02-2026,Xăng RON 95-III,19150,-140
20-02-2026,Xăng E10 RON 95-III,18940,-130
20-02-2026,Xăng E5 RON 92-II,18630,-200
20-02-2026,"Dầu DO 0,05S-II",18520,+60
20-02-2026,"Dầu DO 0,001S-V",18870,+60
20-02-2026,Dầu KO,18610,+100
12-02-2026,Xăng RON 95-III,19290,+410
12-02-2026,Xăng E10 RON 95-III,19070,+370
12-02-2026,Xăng E5 RON 92-II,18830,+400
12-02-2026,"Dầu DO 0,05S-II",18460,+10
12-02-2026,"Dầu DO 0,001S-V",18810,+10
12-02-2026,Dầu KO,18510,+120
05-02-2026,Xăng RON 95-III,18880,+40
05-02-2026,Xăng E10 RON 95-III,18700,-10
05-02-2026,Xăng E5 RON 92-II,18430,+100
05-02-2026,"Dầu DO 0,05S-II",18450,+280
05-02-2026,"Dầu DO 0,001S-V",18800,+130
05-02-2026,Dầu KO,18390,+220
29-01-2026,Xăng RON 95-III,18840,+210
29-01-2026,Xăng E10 RON 95-III,18710,+190
29-01-2026,Xăng E5 RON 92-II,18330,+50
29-01-2026,"Dầu DO 0,05S-II",18170,+470
29-01-2026,"Dầu DO 0,001S-V",18670,+470
29-01-2026,Dầu KO,18170,+220
22-01-2026,Xăng RON 95-III,18630,-80
22-01-2026,Xăng E10 RON 95-III,18520,-70
22-01-2026,Xăng E5 RON 92-II,18280,-90
22-01-2026,"Dầu DO 0,05S-II",17700,+420
22-01-2026,"Dầu DO 0,001S-V",18200,+320
22-01-2026,Dầu KO,17950,+260
15-01-2026,Xăng RON 95-III,18710,+150
15-01-2026,Xăng E10 RON 95-III,18590,+130
15-01-2026,Xăng E5 RON 92-II,18370,+140
15-01-2026,"Dầu DO 0,05S-II",17280,+220
15-01-2026,"Dầu DO 0,001S-V",17880,+220
15-01-2026,Dầu KO,17690,+140
08-01-2026,Xăng RON 95-III,18560,-350
08-01-2026,Xăng E10 RON 95-III,18460,-340
08-01-2026,Xăng E5 RON 92-II,18230,-200
08-01-2026,"Dầu DO 0,05S-II",17060,-190
08-01-2026,"Dầu DO 0,001S-V",17660,-290
08-01-2026,Dầu KO,17550,-140
31-12-2025,Xăng RON 95-III,18910,-90
31-12-2025,Xăng E10 RON 95-III,18800,-70
31-12-2025,Xăng E5 RON 92-II,18430,-280
31-12-2025,"Dầu DO 0,05S-II",17250,0
31-12-2025,"Dầu DO 0,001S-V",17950,+200
31-12-2025,Dầu KO,17690,-10
25-12-2025,Xăng RON 95-III,19000,-620
25-12-2025,Xăng E10 RON 95-III,18870,-540
25-12-2025,Xăng E5 RON 92-II,18710,-520
25-12-2025,"Dầu DO 0,05S-II",17250,-220
25-12-2025,"Dầu DO 0,001S-V",17750,-250
25-12-2025,Dầu KO,17700,-230
18-12-2025,Xăng RON 95-III,19620,-460
18-12-2025,Xăng E10 RON 95-III,19410,-410
18-12-2025,Xăng E5 RON 92-II,19230,-380
18-12-2025,"Dầu DO 0,05S-II",17470,-680
18-12-2025,"Dầu DO 0,001S-V",18000,-710
18-12-2025,Dầu KO,17930,-710
11-12-2025,Xăng RON 95-III,20080,-380
11-12-2025,Xăng E10 RON 95-III,19820,-330
11-12-2025,Xăng E5 RON 92-II,19610,-210
11-12-2025,"Dầu DO 0,05S-II",18150,-230
11-12-2025,"Dầu DO 0,001S-V",18710,-300
11-12-2025,Dầu KO,18640,-250
04-12-2025,Xăng RON 95-III,20460,+460
04-12-2025,Xăng E10 RON 95-III,20150,+500
04-12-2025,Xăng E5 RON 92-II,19820,+540
04-12-2025,"Dầu DO 0,05S-II",18380,-420
04-12-2025,"Dầu DO 0,001S-V",19010,-480
04-12-2025,Dầu KO,18890,-580
27-11-2025,Xăng RON 95-III,20000,-540
27-11-2025,Xăng E10 RON 95-III,19650,-470
27-11-2025,Xăng E5 RON 92-II,19280,-520
27-11-2025,"Dầu DO 0,05S-II",18800,-1020
27-11-2025,"Dầu DO 0,001S-V",19490,-1020
27-11-2025,Dầu KO,19470,-810
20-11-2025,Xăng RON 95-III,20540,-30
20-11-2025,Xăng E10 RON 95-III,20120,-30
20-11-2025,Xăng E5 RON 92-II,19800,-40
20-11-2025,"Dầu DO 0,05S-II",19820,-40
20-11-2025,"Dầu DO 0,001S-V",20510,-40
20-11-2025,Dầu KO,20280,+350
13-11-2025,Xăng RON 95-III,20570,+160
13-11-2025,Xăng E10 RON 95-III,20150,+140
13-11-2025,Xăng E5 RON 92-II,19840,+160
13-11-2025,"Dầu DO 0,05S-II",19860,+540
13-11-2025,"Dầu DO 0,001S-V",20550,+610
13-11-2025,Dầu KO,19930,+540
06-11-2025,Xăng RON 95-III,20410,-70
06-11-2025,Xăng E10 RON 95-III,20010,-110
06-11-2025,Xăng E5 RON 92-II,19680,-80
06-11-2025,"Dầu DO 0,05S-II",19320,+120
06-11-2025,"Dầu DO 0,001S-V",19940,+120
06-11-2025,Dầu KO,19390,+120
30-10-2025,Xăng RON 95-III,20480,+760
30-10-2025,Xăng E10 RON 95-III,20120,+670
30-10-2025,Xăng E5 RON 92-II,19760,+710
30-10-2025,"Dầu DO 0,05S-II",19200,+1320
30-10-2025,"Dầu DO 0,001S-V",19820,+1320
30-10-2025,Dầu KO,19270,+1160
23-10-2025,Xăng RON 95-III,19720,-180
23-10-2025,Xăng E10 RON 95-III,19450,-230
23-10-2025,Xăng E5 RON 92-II,19050,-170
23-10-2025,"Dầu DO 0,05S-II",17880,-540
23-10-2025,"Dầu DO 0,001S-V",18500,-440
23-10-2025,Dầu KO,18110,-290
16-10-2025,Xăng RON 95-III,19900,+180
16-10-2025,Xăng E10 RON 95-III,19680,+180
16-10-2025,Xăng E5 RON 92-II,19220,+90
16-10-2025,"Dầu DO 0,05S-II",18420,-180
16-10-2025,"Dầu DO 0,001S-V",18940,-190
16-10-2025,Dầu KO,18400,-30
09-10-2025,Xăng RON 95-III,19720,-480
09-10-2025,Xăng E10 RON 95-III,19500,-420
09-10-2025,Xăng E5 RON 92-II,19130,-490
09-10-2025,"Dầu DO 0,05S-II",18600,-430
09-10-2025,"Dầu DO 0,001S-V",19130,-430
09-10-2025,Dầu KO,18430,-570
02-10-2025,Xăng RON 95-III,20200,+40
02-10-2025,Xăng E10 RON 95-III,19920,+90
02-10-2025,Xăng E5 RON 92-II,19620,+10
02-10-2025,"Dầu DO 0,05S-II",19030,+380
02-10-2025,"Dầu DO 0,001S-V",19560,+380
02-10-2025,Dầu KO,19000,+380
25-09-2025,Xăng RON 95-III,20160,-440
25-09-2025,Xăng E10 RON 95-III,19830,-390
25-09-2025,Xăng E5 RON 92-II,19610,-370
25-09-2025,"Dầu DO 0,05S-II",18650,-50
25-09-2025,"Dầu DO 0,001S-V",19180,-50
25-09-2025,Dầu KO,18620,+80
18-09-2025,Xăng RON 95-III,20600,+200
18-09-2025,Xăng E10 RON 95-III,20220,+180
18-09-2025,Xăng E5 RON 92-II,19980,+230
18-09-2025,"Dầu DO 0,05S-II",18700,+60
18-09-2025,"Dầu DO 0,001S-V",19230,+60
18-09-2025,Dầu KO,18540,+180
11-09-2025,Xăng RON 95-III,20400,-30
11-09-2025,Xăng E10 RON 95-III,20040,-30
11-09-2025,Xăng E5 RON 92-II,19750,-100
11-09-2025,"Dầu DO 0,05S-II",18640,+170
11-09-2025,"Dầu DO 0,001S-V",19170,+140
11-09-2025,Dầu KO,18360,+50
04-09-2025,Xăng RON 95-III,20430,+70
04-09-2025,Xăng E10 RON 95-III,20070,-10
04-09-2025,Xăng E5 RON 92-II,19850,+80
04-09-2025,"Dầu DO 0,05S-II",18470,+120
04-09-2025,"Dầu DO 0,001S-V",19030,+120
04-09-2025,Dầu KO,18310,+90
28-08-2025,Xăng RON 95-III,20360,+270
28-08-2025,Xăng E10 RON 95-III,20080,+240
28-08-2025,Xăng E5 RON 92-II,19770,+310
28-08-2025,"Dầu DO 0,05S-II",18350,+450
28-08-2025,"Dầu DO 0,001S-V",18910,+450
28-08-2025,Dầu KO,18220,+410
21-08-2025,Xăng RON 95-III,20090,+210
21-08-2025,Xăng E10 RON 95-III,19840,+180
21-08-2025,Xăng E5 RON 92-II,19460,+110
21-08-2025,"Dầu DO 0,05S-II",17900,-170
21-08-2025,"Dầu DO 0,001S-V",18460,-170
21-08-2025,Dầu KO,17810,-210
14-08-2025,Xăng RON 95-III,19880,-190
14-08-2025,Xăng E10 RON 95-III,19660,-170
14-08-2025,Xăng E5 RON 92-II,19350,-250
14-08-2025,"Dầu DO 0,05S-II",18070,-730
14-08-2025,"Dầu DO 0,001S-V",18630,-570
14-08-2025,Dầu KO,18020,-640
07-08-2025,Xăng RON 95-III,20070,+230
07-08-2025,Xăng E10 RON 95-III,19830,+230
07-08-2025,Xăng E5 RON 92-II,19600,+200
07-08-2025,"Dầu DO 0,05S-II",18800,-260
07-08-2025,"Dầu DO 0,001S-V",19200,-160
07-08-2025,Dầu KO,18660,-50
31-07-2025,Xăng RON 95-III,19840,+140
31-07-2025,Xăng E10 RON 95-III,19600,+19600
31-07-2025,Xăng E5 RON 92-II,19400,+130
31-07-2025,"Dầu DO 0,05S-II",19060,-60
31-07-2025,"Dầu DO 0,001S-V",19360,-60
31-07-2025,Dầu KO,18710,+90
24-07-2025,Xăng RON 95-III,19700,-220
24-07-2025,Xăng E5 RON 92-II,19270,-210
24-07-2025,"Dầu DO 0,05S-II",19120,+330
24-07-2025,"Dầu DO 0,001S-V",19420,+330
24-07-2025,Dầu KO,18620,+200
17-07-2025,Xăng RON 95-III,19920,-170
17-07-2025,Xăng E5 RON 92-II,19480,-170
17-07-2025,"Dầu DO 0,05S-II",18790,-40
17-07-2025,"Dầu DO 0,001S-V",19090,-60
17-07-2025,Dầu KO,18420,+50
10-07-2025,Xăng RON 95-III,20090,+190
10-07-2025,Xăng E5 RON 92-II,19650,+210
10-07-2025,"Dầu DO 0,05S-II",18830,+430
10-07-2025,"Dầu DO 0,001S-V",19150,+430
10-07-2025,Dầu KO,18370,+240
03-07-2025,Xăng RON 95-III,19900,-1210
03-07-2025,Xăng E5 RON 92-II,19440,-1090
03-07-2025,"Dầu DO 0,05S-II",18400,-940
03-07-2025,"Dầu DO 0,001S-V",18720,-980
03-07-2025,Dầu KO,18130,-930
01-07-2025,Xăng RON 95-III,21110,-390
01-07-2025,Xăng E5 RON 92-II,20530,-380
01-07-2025,"Dầu DO 0,05S-II",19340,-360
01-07-2025,"Dầu DO 0,001S-V",19700,-360
01-07-2025,Dầu KO,19060,-350
26-06-2025,Xăng RON 95-III,21500,+260
26-06-2025,Xăng E5 RON 92-II,20910,+280
26-06-2025,"Dầu DO 0,05S-II",19700,+550
26-06-2025,"Dầu DO 0,001S-V",20060,+550
26-06-2025,Dầu KO,19410,+490
19-06-2025,Xăng RON 95-III,21240,+1280
19-06-2025,Xăng E5 RON 92-II,20630,+1170
19-06-2025,"Dầu DO 0,05S-II",19150,+1450
19-06-2025,"Dầu DO 0,001S-V",19510,+1450
19-06-2025,Dầu KO,18920,+1410
12-06-2025,Xăng RON 95-III,19960,+270
12-06-2025,Xăng E5 RON 92-II,19460,+200
12-06-2025,"Dầu DO 0,05S-II",17700,+280
12-06-2025,"Dầu DO 0,001S-V",18060,+90
12-06-2025,Dầu KO,17510,+230
05-06-2025,Xăng RON 95-III,19690,+130
05-06-2025,Xăng E5 RON 92-II,19260,+70
05-06-2025,"Dầu DO 0,05S-II",17420,+290
05-06-2025,"Dầu DO 0,001S-V",17970,+290
05-06-2025,Dầu KO,17280,+180
29-05-2025,Xăng RON 95-III,19560,+30
29-05-2025,Xăng E5 RON 92-II,19190,+70
29-05-2025,"Dầu DO 0,05S-II",17130,-270
29-05-2025,"Dầu DO 0,001S-V",17680,-270
29-05-2025,Dầu KO,17100,-210
22-05-2025,Xăng RON 95-III,19530,-60
22-05-2025,Xăng E5 RON 92-II,19120,-60
22-05-2025,"Dầu DO 0,05S-II",17400,+180
22-05-2025,"Dầu DO 0,001S-V",17950,+180
22-05-2025,Dầu KO,17310,+90
15-05-2025,Xăng RON 95-III,19590,+420
15-05-2025,Xăng E5 RON 92-II,19180,+410
15-05-2025,"Dầu DO 0,05S-II",17220,+420
15-05-2025,"Dầu DO 0,001S-V",17770,+340
15-05-2025,Dầu KO,17220,+280
08-05-2025,Xăng RON 95-III,19170,-410
08-05-2025,Xăng E5 RON 92-II,18770,-380
08-05-2025,"Dầu DO 0,05S-II",16800,-550
08-05-2025,"Dầu DO 0,001S-V",17430,-550
08-05-2025,Dầu KO,16940,-620
05-05-2025,Xăng RON 95-III,19580,-50
05-05-2025,Xăng E5 RON 92-II,19150,-80
05-05-2025,"Dầu DO 0,05S-II",17350,-170
05-05-2025,"Dầu DO 0,001S-V",17980,-170
05-05-2025,Dầu KO,17560,-150
24-04-2025,Xăng RON 95-III,19630,+780
24-04-2025,Xăng E5 RON 92-II,19230,+740
24-04-2025,"Dầu DO 0,05S-II",17520,+490
24-04-2025,"Dầu DO 0,001S-V",18150,+490
24-04-2025,Dầu KO,17710,+530
17-04-2025,Xăng RON 95-III,18850,-350
17-04-2025,Xăng E5 RON 92-II,18490,-390
17-04-2025,"Dầu DO 0,05S-II",17030,-210
17-04-2025,"Dầu DO 0,001S-V",17660,-220
17-04-2025,Dầu KO,17180,-230
10-04-2025,Xăng RON 95-III,19200,-1710
10-04-2025,Xăng E5 RON 92-II,18880,-1490
10-04-2025,"Dầu DO 0,05S-II",17240,-1230
10-04-2025,"Dầu DO 0,001S-V",17880,-1330
10-04-2025,Dầu KO,17410,-1320
03-04-2025,Xăng RON 95-III,20910,+490
03-04-2025,Xăng E5 RON 92-II,20370,+340
03-04-2025,"Dầu DO 0,05S-II",18470,+260
03-04-2025,"Dầu DO 0,001S-V",19210,+560
03-04-2025,Dầu KO,18730,+210
27-03-2025,Xăng RON 95-III,20420,+340
27-03-2025,Xăng E5 RON 92-II,20030,+340
27-03-2025,"Dầu DO 0,05S-II",18210,+320
27-03-2025,"Dầu DO 0,001S-V",18650,+270
27-03-2025,Dầu KO,18520,+410
20-03-2025,Xăng RON 95-III,20080,+440
20-03-2025,Xăng E5 RON 92-II,19690,+410
20-03-2025,"Dầu DO 0,05S-II",17890,0
20-03-2025,"Dầu DO 0,001S-V",18380,+20
20-03-2025,Dầu KO,18110,+20
13-03-2025,Xăng RON 95-III,19640,-760
13-03-2025,Xăng E5 RON 92-II,19280,-680
13-03-2025,"Dầu DO 0,05S-II",17890,-440
13-03-2025,"Dầu DO 0,001S-V",18360,-310
13-03-2025,Dầu KO,18090,-480
06-03-2025,Xăng RON 95-III,20400,-710
06-03-2025,Xăng E5 RON 92-II,19960,-690
06-03-2025,"Dầu DO 0,05S-II",18330,-620
06-03-2025,"Dầu DO 0,001S-V",18670,-600
06-03-2025,Dầu KO,18570,-760
27-02-2025,Xăng RON 95-III,21110,-220
27-02-2025,Xăng E5 RON 92-II,20650,-200
27-02-2025,"Dầu DO 0,05S-II",18950,-110
27-02-2025,"Dầu DO 0,001S-V",19270,-200
27-02-2025,Dầu KO,19330,-180
20-02-2025,Xăng RON 95-III,21330,+260
20-02-2025,Xăng E5 RON 92-II,20850,+260
20-02-2025,"Dầu DO 0,05S-II",19060,-10
20-02-2025,"Dầu DO 0,001S-V",19470,+140
20-02-2025,Dầu KO,19510,+40
13-02-2025,Xăng RON 95-III,21070,+150
13-02-2025,Xăng E5 RON 92-II,20590,+150
13-02-2025,"Dầu DO 0,05S-II",19070,+20
13-02-2025,"Dầu DO 0,001S-V",19330,+140
13-02-2025,Dầu KO,19470,+60
06-02-2025,Xăng RON 95-III,20920,-80
06-02-2025,Xăng E5 RON 92-II,20440,+50
06-02-2025,"Dầu DO 0,05S-II",19050,-190
06-02-2025,"Dầu DO 0,001S-V",19190,-230
06-02-2025,Dầu KO,19410,-20
01-02-2025,Xăng RON 95-III,21000,-140
01-02-2025,Xăng E5 RON 92-II,20390,-200
01-02-2025,"Dầu DO 0,05S-II",19240,-950
01-02-2025,"Dầu DO 0,001S-V",19420,-1010
01-02-2025,Dầu KO,19430,-680
23-01-2025,Xăng RON 95-III,21140,-80
23-01-2025,Xăng E5 RON 92-II,20590,-160
23-01-2025,"Dầu DO 0,05S-II",20190,+410
23-01-2025,"Dầu DO 0,001S-V",20430,+450
23-01-2025,Dầu KO,20110,+410
16-01-2025,Xăng RON 95-III,21220,+210
16-01-2025,Xăng E5 RON 92-II,20750,+320
16-01-2025,"Dầu DO 0,05S-II",19780,+540
16-01-2025,"Dầu DO 0,001S-V",19980,+470
16-01-2025,Dầu KO,19700,+460
09-01-2025,Xăng RON 95-III,21010,+270
09-01-2025,Xăng E5 RON 92-II,20430,+380
09-01-2025,"Dầu DO 0,05S-II",19240,+490
09-01-2025,"Dầu DO 0,001S-V",19510,+500
09-01-2025,Dầu KO,19240,+410
02-01-2025,Xăng RON 95-III,20740,+200
02-01-2025,Xăng E5 RON 92-II,20050,+240
02-01-2025,"Dầu DO 0,05S-II",18750,+120
02-01-2025,"Dầu DO 0,001S-V",19010,+170
02-01-2025,Dầu KO,18830,+130
26-12-2024,Xăng RON 95-III,20540,-460
26-12-2024,Xăng E5 RON 92-II,19810,-430
26-12-2024,"Dầu DO 0,05S-II",18630,-100
26-12-2024,"Dầu DO 0,001S-V",18840,-140
26-12-2024,Dầu KO,18700,-260
19-12-2024,Xăng RON 95-III,21000,+410
19-12-2024,Xăng E5 RON 92-II,20240,+380
19-12-2024,"Dầu DO 0,05S-II",18730,+480
19-12-2024,"Dầu DO 0,001S-V",18980,+540
19-12-2024,Dầu KO,18960,+400
12-12-2024,Xăng RON 95-III,20590,+30
12-12-2024,Xăng E5 RON 92-II,19860,0
12-12-2024,"Dầu DO 0,05S-II",18250,-130
12-12-2024,"Dầu DO 0,001S-V",18440,-130
12-12-2024,Dầu KO,18560,-250
05-12-2024,Xăng RON 95-III,20560,-290
05-12-2024,Xăng E5 RON 92-II,19860,+20
05-12-2024,"Dầu DO 0,05S-II",18380,-390
05-12-2024,"Dầu DO 0,001S-V",18570,-360
05-12-2024,Dầu KO,18810,-330
28-11-2024,Xăng RON 95-III,20850,+330
28-11-2024,Xăng E5 RON 92-II,19840,+500
28-11-2024,"Dầu DO 0,05S-II",18770,+270
28-11-2024,"Dầu DO 0,001S-V",18930,+320
28-11-2024,Dầu KO,19140,+220
21-11-2024,Xăng RON 95-III,20520,-80
21-11-2024,Xăng E5 RON 92-II,19340,-110
21-11-2024,"Dầu DO 0,05S-II",18500,-70
21-11-2024,"Dầu DO 0,001S-V",18610,-50
21-11-2024,Dầu KO,18920,-60
14-11-2024,Xăng RON 95-III,20600,-250
14-11-2024,Xăng E5 RON 92-II,19450,-290
14-11-2024,"Dầu DO 0,05S-II",18570,-340
14-11-2024,"Dầu DO 0,001S-V",18660,-460
14-11-2024,Dầu KO,18980,-310
07-11-2024,Xăng RON 95-III,20850,+350
07-11-2024,Xăng E5 RON 92-II,19740,+340
07-11-2024,"Dầu DO 0,05S-II",18910,+770
07-11-2024,"Dầu DO 0,001S-V",19120,+760
07-11-2024,Dầu KO,19290,+460
31-10-2024,Xăng RON 95-III,20500,-390
31-10-2024,Xăng E5 RON 92-II,19400,-290
31-10-2024,"Dầu DO 0,05S-II",18140,+90
31-10-2024,"Dầu DO 0,001S-V",18360,+50
31-10-2024,Dầu KO,18830,+260
24-10-2024,Xăng RON 95-III,20890,-70
24-10-2024,Xăng E5 RON 92-II,19690,-40
24-10-2024,"Dầu DO 0,05S-II",18050,-270
24-10-2024,"Dầu DO 0,001S-V",18310,-260
24-10-2024,Dầu KO,18570,-50
17-10-2024,Xăng RON 95-III,20960,-100
17-10-2024,Xăng E5 RON 92-II,19730,-110
17-10-2024,"Dầu DO 0,05S-II",18320,-180
17-10-2024,"Dầu DO 0,001S-V",18570,-30
17-10-2024,Dầu KO,18620,-170
10-10-2024,Xăng RON 95-III,21060,+1260
10-10-2024,Xăng E5 RON 92-II,19840,+990
10-10-2024,"Dầu DO 0,05S-II",18500,+1100
10-10-2024,"Dầu DO 0,001S-V",18600,+1090
10-10-2024,Dầu KO,18790,+1280
03-10-2024,Xăng RON 95-III,19800,-710
03-10-2024,Xăng E5 RON 92-II,18850,-770
03-10-2024,"Dầu DO 0,05S-II",17400,-100
03-10-2024,"Dầu DO 0,001S-V",17510,-340
03-10-2024,Dầu KO,17510,-360
26-09-2024,Xăng RON 95-III,20510,+750
26-09-2024,Xăng E5 RON 92-II,19620,+680
26-09-2024,"Dầu DO 0,05S-II",17500,+460
26-09-2024,"Dầu DO 0,001S-V",17850,+17850
26-09-2024,Dầu KO,17870,+320
19-09-2024,Xăng RON 95-III,19760,+130
19-09-2024,Xăng E5 RON 92-II,18940,+50
19-09-2024,"Dầu DO 0,05S-II",17040,-120
19-09-2024,Dầu KO,17550,-240
12-09-2024,Xăng RON 95-III,19630,-1190
12-09-2024,Xăng E5 RON 92-II,18890,-1080
12-09-2024,"Dầu DO 0,05S-II",17160,-930
12-09-2024,Dầu KO,17790,-930
05-09-2024,Xăng RON 95-III,20820,-280
05-09-2024,Xăng E5 RON 92-II,19970,-360
05-09-2024,"Dầu DO 0,05S-II",18090,-380
05-09-2024,Dầu KO,18720,-340
29-08-2024,Xăng RON 95-III,21100,-210
29-08-2024,Xăng E5 RON 92-II,20330,-90
29-08-2024,"Dầu DO 0,05S-II",18470,-300
29-08-2024,Dầu KO,19060,-80
22-08-2024,Xăng RON 95-III,21310,-540
22-08-2024,Xăng E5 RON 92-II,20420,-460
22-08-2024,"Dầu DO 0,05S-II",18770,-460
22-08-2024,Dầu KO,19140,-430
15-08-2024,Xăng RON 95-III,21850,+180
15-08-2024,Xăng E5 RON 92-II,20880,+170
15-08-2024,"Dầu DO 0,05S-II",19230,+90
15-08-2024,Dầu KO,19570,+430
08-08-2024,Xăng RON 95-III,21670,-930
08-08-2024,Xăng E5 RON 92-II,20710,-900
08-08-2024,"Dầu DO 0,05S-II",19140,-730
08-08-2024,Dầu KO,19140,-950
01-08-2024,Xăng RON 95-III,22600,-280
01-08-2024,Xăng E5 RON 92-II,21610,-290
01-08-2024,"Dầu DO 0,05S-II",19870,-320
01-08-2024,Dầu KO,20090,-230
25-07-2024,Xăng RON 95-III,22880,-290
25-07-2024,Xăng E5 RON 92-II,21900,-270
25-07-2024,"Dầu DO 0,05S-II",20190,-310
25-07-2024,Dầu KO,20320,-340
18-07-2024,Xăng RON 95-III,23170,-120
18-07-2024,Xăng E5 RON 92-II,22170,-110
18-07-2024,"Dầu DO 0,05S-II",20500,-330
18-07-2024,Dầu KO,20660,-370
11-07-2024,Xăng RON 95-III,23290,-260
11-07-2024,Xăng E5 RON 92-II,22280,-180
11-07-2024,"Dầu DO 0,05S-II",20830,-340
11-07-2024,Dầu KO,21030,-180
04-07-2024,Xăng RON 95-III,23550,+540
04-07-2024,Xăng E5 RON 92-II,22460,+450
04-07-2024,"Dầu DO 0,05S-II",21170,+490
04-07-2024,Dầu KO,21210,+600
27-06-2024,Xăng RON 95-III,23010,+550
27-06-2024,Xăng E5 RON 92-II,22010,+510
27-06-2024,"Dầu DO 0,05S-II",20680,+320
27-06-2024,Dầu KO,20610,+260
20-06-2024,Xăng RON 95-III,22460,+230
20-06-2024,Xăng E5 RON 92-II,21500,+190
20-06-2024,"Dầu DO 0,05S-II",20360,+720
20-06-2024,Dầu KO,20350,+500
13-06-2024,Xăng RON 95-III,22230,+260
13-06-2024,Xăng E5 RON 92-II,21310,+170
13-06-2024,"Dầu DO 0,05S-II",19640,+220
13-06-2024,Dầu KO,19850,+300
06-06-2024,Xăng RON 95-III,21970,-540
06-06-2024,Xăng E5 RON 92-II,21140,-610
06-06-2024,"Dầu DO 0,05S-II",19420,-320
06-06-2024,Dầu KO,19550,-380
30-05-2024,Xăng RON 95-III,22510,-700
30-05-2024,Xăng E5 RON 92-II,21750,-520
30-05-2024,"Dầu DO 0,05S-II",19740,-90
30-05-2024,Dầu KO,19930,+30
30-05-2024,"Dầu FO 3,5%S",17530,+17530
23-05-2024,Xăng RON 95-III,23210,+80
23-05-2024,Xăng E5 RON 92-II,22270,+160
23-05-2024,"Dầu DO 0,05S-II",19830,-40
23-05-2024,Dầu KO,19900,0
16-05-2024,Xăng RON 95-III,23130,-410
16-05-2024,Xăng E5 RON 92-II,22110,-510
16-05-2024,"Dầu DO 0,05S-II",19870,+30
16-05-2024,Dầu KO,19900,+200
09-05-2024,Xăng RON 95-III,23540,-1410
09-05-2024,Xăng E5 RON 92-II,22620,-1290
09-05-2024,"Dầu DO 0,05S-II",19840,-760
09-05-2024,Dầu KO,19700,-840
02-05-2024,Xăng RON 95-III,24950,+40
02-05-2024,Xăng E5 RON 92-II,23910,0
02-05-2024,"Dầu DO 0,05S-II",20600,-110
02-05-2024,Dầu KO,20540,-140
25-04-2024,Xăng RON 95-III,24910,-320
25-04-2024,Xăng E5 RON 92-II,23910,-310
25-04-2024,"Dầu DO 0,05S-II",20710,-730
25-04-2024,Dầu KO,20680,-730
17-04-2024,Xăng RON 95-III,25230,+410
17-04-2024,Xăng E5 RON 92-II,24220,+380
17-04-2024,"Dầu DO 0,05S-II",21440,-170
17-04-2024,Dầu KO,21410,-180
11-04-2024,Xăng RON 95-III,24820,+20
11-04-2024,Xăng E5 RON 92-II,23840,-70
11-04-2024,"Dầu DO 0,05S-II",21610,+630
11-04-2024,Dầu KO,21590,+580
04-04-2024,Xăng RON 95-III,24800,-10
04-04-2024,Xăng E5 RON 92-II,23910,+290
04-04-2024,"Dầu DO 0,05S-II",20980,+290
04-04-2024,Dầu KO,21010,+140
28-03-2024,Xăng RON 95-III,24810,+530
28-03-2024,Xăng E5 RON 92-II,23620,+410
28-03-2024,"Dầu DO 0,05S-II",20690,-320
28-03-2024,Dầu KO,20870,-390
21-03-2024,Xăng RON 95-III,24280,+740
21-03-2024,Xăng E5 RON 92-II,23210,+720
21-03-2024,"Dầu DO 0,05S-II",21010,+470
21-03-2024,Dầu KO,21260,+560
14-03-2024,Xăng RON 95-III,23540,-10
14-03-2024,Xăng E5 RON 92-II,22490,-20
14-03-2024,"Dầu DO 0,05S-II",20540,+70
14-03-2024,Dầu KO,20700,+100
07-03-2024,Xăng RON 95-III,23550,-370
07-03-2024,Xăng E5 RON 92-II,22510,-240
07-03-2024,"Dầu DO 0,05S-II",20470,-300
07-03-2024,Dầu KO,20600,-180
29-02-2024,Xăng RON 95-III,23920,+330
29-02-2024,Xăng E5 RON 92-II,22750,-840
29-02-2024,"Dầu DO 0,05S-II",20770,-140
29-02-2024,Dầu KO,20780,-140
22-02-2024,Xăng RON 95-III,23590,-320
22-02-2024,Xăng E5 RON 92-II,23590,+760
22-02-2024,"Dầu DO 0,05S-II",20910,-450
22-02-2024,Dầu KO,20920,-300
15-02-2024,Xăng RON 95-III,23910,+650
15-02-2024,Xăng E5 RON 92-II,22830,+710
15-02-2024,"Dầu DO 0,05S-II",21360,+660
15-02-2024,Dầu KO,21220,+640
08-02-2024,Xăng RON 95-III,23260,-900
08-02-2024,Xăng E5 RON 92-II,22120,-790
08-02-2024,"Dầu DO 0,05S-II",20700,-290
08-02-2024,Dầu KO,20580,-340
01-02-2024,Xăng RON 95-III,24160,+760
01-02-2024,Xăng E5 RON 92-II,22910,+740
01-02-2024,"Dầu DO 0,05S-II",20990,+620
01-02-2024,Dầu KO,20920,+380
25-01-2024,Xăng RON 95-III,23400,+920
25-01-2024,Xăng E5 RON 92-II,22170,+760
25-01-2024,"Dầu DO 0,05S-II",20370,+180
25-01-2024,Dầu KO,20540,+10
18-01-2024,Xăng RON 95-III,22480,+550
18-01-2024,Xăng E5 RON 92-II,21410,+370
18-01-2024,"Dầu DO 0,05S-II",20190,+490
18-01-2024,Dầu KO,20530,+200
11-01-2024,Xăng RON 95-III,21930,+20
11-01-2024,Xăng E5 RON 92-II,21040,+40
11-01-2024,"Dầu DO 0,05S-II",19700,+340
11-01-2024,Dầu KO,20330,+380
04-01-2024,Xăng RON 95-III,21910,-230
04-01-2024,Xăng E5 RON 92-II,21000,-180
04-01-2024,"Dầu DO 0,05S-II",19360,-420
04-01-2024,Dầu KO,19950,-500
28-12-2023,Xăng RON 95-III,22140,0
28-12-2023,Xăng E5 RON 92-II,21180,-10
28-12-2023,"Dầu DO 0,05S-II",19780,+260
28-12-2023,Dầu KO,20450,-40
21-12-2023,Xăng RON 95-III,22140,+740
21-12-2023,Xăng E5 RON 92-II,21190,+680
21-12-2023,"Dầu DO 0,05S-II",19520,+510
21-12-2023,Dầu KO,20490,+530
14-12-2023,Xăng RON 95-III,21400,-920
14-12-2023,Xăng E5 RON 92-II,20510,-780
14-12-2023,"Dầu DO 0,05S-II",19010,-710
14-12-2023,Dầu KO,19960,-960
07-12-2023,Xăng RON 95-III,22320,-670
07-12-2023,Xăng E5 RON 92-II,21290,-500
07-12-2023,"Dầu DO 0,05S-II",19720,-470
07-12-2023,Dầu KO,20920,-190
30-11-2023,Xăng RON 95-III,22990,-30
30-11-2023,Xăng E5 RON 92-II,21790,+100
30-11-2023,"Dầu DO 0,05S-II",20190,-90
30-11-2023,Dầu KO,21110,+170
23-11-2023,Xăng RON 95-III,23020,-510
23-11-2023,Xăng E5 RON 92-II,21690,-580
23-11-2023,"Dầu DO 0,05S-II",20280,-600
23-11-2023,Dầu KO,20940,-570
13-11-2023,Xăng RON 95-III,23530,-390
13-11-2023,Xăng E5 RON 92-II,22270,-340
13-11-2023,"Dầu DO 0,05S-II",20880,-1060
13-11-2023,Dầu KO,21510,-790
01-11-2023,Xăng RON 95-III,23920,+880
01-11-2023,Xăng E5 RON 92-II,22610,+710
01-11-2023,"Dầu DO 0,05S-II",21940,-470
01-11-2023,Dầu KO,22300,-160
11-10-2023,Xăng RON 95-III,23040,-1800
11-10-2023,Xăng E5 RON 92-II,21900,-1600
11-10-2023,"Dầu DO 0,05S-II",22410,-1180
11-10-2023,Dầu KO,22460,-1350
02-10-2023,Xăng RON 95-III,24840,-900
02-10-2023,Xăng E5 RON 92-II,23500,-690
02-10-2023,"Dầu DO 0,05S-II",23590,0
02-10-2023,Dầu KO,23810,0
21-09-2023,Xăng RON 95-III,25740,+870
21-09-2023,Xăng E5 RON 92-II,24190,+720
21-09-2023,"Dầu DO 0,05S-II",23590,+540
21-09-2023,Dầu KO,23810,+630
11-09-2023,Xăng RON 95-III,24870,0
11-09-2023,Xăng E5 RON 92-II,23470,0
11-09-2023,"Dầu DO 0,05S-II",23050,+410
11-09-2023,Dầu KO,23180,+370
05-09-2023,Xăng RON 95-III,24870,+270
05-09-2023,Xăng E5 RON 92-II,23470,+140
05-09-2023,"Dầu DO 0,05S-II",22640,+290
05-09-2023,Dầu KO,22810,+510
21-08-2023,Xăng RON 95-III,24600,+610
21-08-2023,Xăng E5 RON 92-II,23330,+510
21-08-2023,"Dầu DO 0,05S-II",22350,-70
21-08-2023,Dầu KO,22300,+420
11-08-2023,Xăng RON 95-III,23990,+30
11-08-2023,Xăng E5 RON 92-II,22820,+30
11-08-2023,"Dầu DO 0,05S-II",22420,+1810
11-08-2023,Dầu KO,21880,+1610
01-08-2023,Xăng RON 95-III,23960,+1170
01-08-2023,Xăng E5 RON 92-II,22790,+1160
01-08-2023,"Dầu DO 0,05S-II",20610,+1110
01-08-2023,Dầu KO,20270,+1090
21-07-2023,Xăng RON 95-III,22790,+1300
21-07-2023,Xăng E5 RON 92-II,21630,+1220
21-07-2023,"Dầu DO 0,05S-II",19500,+890
21-07-2023,Dầu KO,19180,+860
11-07-2023,Xăng RON 95-III,21490,+70
11-07-2023,Xăng E5 RON 92-II,20410,-60
11-07-2023,"Dầu DO 0,05S-II",18610,+450
11-07-2023,Dầu KO,18320,+400
03-07-2023,Xăng RON 95-III,21420,-590
03-07-2023,Xăng E5 RON 92-II,20470,-400
03-07-2023,"Dầu DO 0,05S-II",18160,-10
03-07-2023,Dầu KO,17920,-30
21-06-2023,Xăng RON 95-III,22010,0
21-06-2023,Xăng E5 RON 92-II,20870,0
21-06-2023,"Dầu DO 0,05S-II",18170,+150
21-06-2023,Dầu KO,17950,+130
12-06-2023,Xăng RON 95-III,22010,0
12-06-2023,Xăng E5 RON 92-II,20870,0
12-06-2023,"Dầu DO 0,05S-II",18020,+80
12-06-2023,Dầu KO,17820,+50
01-06-2023,Xăng RON 95-III,22010,+520
01-06-2023,Xăng E5 RON 92-II,20870,+390
01-06-2023,"Dầu DO 0,05S-II",17940,-10
01-06-2023,Dầu KO,17770,-190
22-05-2023,Xăng RON 95-III,21490,+490
22-05-2023,Xăng E5 RON 92-II,20480,+350
22-05-2023,"Dầu DO 0,05S-II",17950,+300
22-05-2023,Dầu KO,17960,-10
11-05-2023,Xăng RON 95-III,21000,-1320
11-05-2023,Xăng E5 RON 92-II,20130,-1300
11-05-2023,"Dầu DO 0,05S-II",17650,-600
11-05-2023,Dầu KO,17970,-550
04-05-2023,Xăng RON 95-III,22320,-1310
04-05-2023,Xăng E5 RON 92-II,21430,-1250
04-05-2023,"Dầu DO 0,05S-II",18250,-1140
04-05-2023,Dầu KO,18520,-960
21-04-2023,Xăng RON 95-III,23630,-610
21-04-2023,Xăng E5 RON 92-II,22680,-490
21-04-2023,"Dầu DO 0,05S-II",19390,-750
21-04-2023,Dầu KO,19480,-250
11-04-2023,Xăng RON 95-III,24240,+1120
11-04-2023,Xăng E5 RON 92-II,23170,+1090
11-04-2023,"Dầu DO 0,05S-II",20140,+710
11-04-2023,Dầu KO,19730,+700
03-04-2023,Xăng RON 95-III,23120,+90
03-04-2023,Xăng E5 RON 92-II,22080,+60
03-04-2023,"Dầu DO 0,05S-II",19430,+130
03-04-2023,Dầu KO,19030,-430
21-03-2023,Xăng RON 95-III,23030,-780
21-03-2023,Xăng E5 RON 92-II,22020,-780
21-03-2023,"Dầu DO 0,05S-II",19300,-1200
21-03-2023,Dầu KO,19460,-1250
13-03-2023,Xăng RON 95-III,23810,+490
13-03-2023,Xăng E5 RON 92-II,22800,+380
13-03-2023,"Dầu DO 0,05S-II",20500,+250
13-03-2023,Dầu KO,20710,+240
01-03-2023,Xăng RON 95-III,23320,-120
01-03-2023,Xăng E5 RON 92-II,22420,-120
01-03-2023,"Dầu DO 0,05S-II",20250,-550
01-03-2023,Dầu KO,20470,-370
21-02-2023,Xăng RON 95-III,23440,-320
21-02-2023,Xăng E5 RON 92-II,22540,-320
21-02-2023,"Dầu DO 0,05S-II",20800,-760
21-02-2023,Dầu KO,20840,-750
13-02-2023,Xăng RON 95-III,23760,+620
13-02-2023,Xăng E5 RON 92-II,22860,+540
13-02-2023,"Dầu DO 0,05S-II",21560,-960
13-02-2023,Dầu KO,21590,-980
30-01-2023,Xăng RON 95-III,23140,+990
30-01-2023,Xăng E5 RON 92-II,22320,+970
30-01-2023,"Dầu DO 0,05S-II",22520,+890
30-01-2023,Dầu KO,22570,+770
11-01-2023,Xăng RON 95-III,22150,0
11-01-2023,Xăng E5 RON 92-II,21350,0
11-01-2023,"Dầu DO 0,05S-II",21630,-520
11-01-2023,Dầu KO,21800,-960
03-01-2023,Xăng RON 95-III,22150,+350
03-01-2023,Xăng E5 RON 92-II,21350,+330
03-01-2023,"Dầu DO 0,05S-II",22150,0
03-01-2023,Dầu KO,22760,+600
01-01-2023,Xăng RON 95-III,21800,+1100
01-01-2023,Xăng E5 RON 92-II,21020,+1050
01-01-2023,"Dầu DO 0,05S-II",22150,+550
01-01-2023,Dầu KO,22160,+330
21-12-2022,Xăng RON 95-III,20700,-500
21-12-2022,Xăng E5 RON 92-II,19970,-370
21-12-2022,"Dầu DO 0,05S-II",21600,-70
21-12-2022,Dầu KO,21830,-70
12-12-2022,Xăng RON 95-III,21200,-1500
12-12-2022,Xăng E5 RON 92-II,20340,-1330
12-12-2022,"Dầu DO 0,05S-II",21670,-1540
12-12-2022,Dầu KO,21900,-1660
01-12-2022,Xăng RON 95-III,22700,-1080
01-12-2022,Xăng E5 RON 92-II,21670,-1000
01-12-2022,"Dầu DO 0,05S-II",23210,-1590
01-12-2022,Dầu KO,23560,-1080
21-11-2022,Xăng RON 95-III,23780,-80
21-11-2022,Xăng E5 RON 92-II,22670,-40
21-11-2022,"Dầu DO 0,05S-II",24800,-180
21-11-2022,Dầu KO,24640,-100
11-11-2022,Xăng RON 95-III,23860,+1110
11-11-2022,Xăng E5 RON 92-II,22710,+840
11-11-2022,"Dầu DO 0,05S-II",24980,-90
11-11-2022,Dầu KO,24740,+960
01-11-2022,Xăng RON 95-III,22750,+410
01-11-2022,Xăng E5 RON 92-II,21870,+380
01-11-2022,"Dầu DO 0,05S-II",25070,+290
01-11-2022,Dầu KO,23780,+120
21-10-2022,Xăng RON 95-III,22340,+340
21-10-2022,Xăng E5 RON 92-II,21490,+200
21-10-2022,"Dầu DO 0,05S-II",24780,+600
21-10-2022,Dầu KO,23660,+840
11-10-2022,Xăng RON 95-III,22000,+560
11-10-2022,Xăng E5 RON 92-II,21290,+560
11-10-2022,"Dầu DO 0,05S-II",24180,+1980
11-10-2022,Dầu KO,22820,+1140
03-10-2022,Xăng RON 95-III,21440,-1140
03-10-2022,Xăng E5 RON 92-II,20730,-1050
03-10-2022,"Dầu DO 0,05S-II",22200,-330
03-10-2022,Dầu KO,21680,-760
21-09-2022,Xăng RON 95-III,22580,-630
21-09-2022,Xăng E5 RON 92-II,21780,-450
21-09-2022,"Dầu DO 0,05S-II",22530,-1650
21-09-2022,Dầu KO,22440,-1970
12-09-2022,Xăng RON 95-III,23210,-1020
12-09-2022,Xăng E5 RON 92-II,22230,-1120
12-09-2022,"Dầu DO 0,05S-II",24180,-1000
12-09-2022,Dầu KO,24410,-1030
05-09-2022,Xăng RON 95-III,24230,-430
05-09-2022,Xăng E5 RON 92-II,23350,-370
05-09-2022,"Dầu DO 0,05S-II",25180,+1430
05-09-2022,Dầu KO,25440,+1390
22-08-2022,Xăng RON 95-III,24660,0
22-08-2022,Xăng E5 RON 92-II,23720,0
22-08-2022,"Dầu DO 0,05S-II",23750,+850
22-08-2022,Dầu KO,24050,+730
11-08-2022,Xăng RON 95-III,24660,-940
11-08-2022,Xăng E5 RON 92-II,23720,-900
11-08-2022,"Dầu DO 0,05S-II",22900,-1000
11-08-2022,Dầu KO,23320,-1210
01-08-2022,Xăng RON 95-III,25600,-470
01-08-2022,Xăng E5 RON 92-II,24620,-450
01-08-2022,"Dầu DO 0,05S-II",23900,-950
01-08-2022,Dầu KO,24530,-710
21-07-2022,Xăng RON 95-III,26070,-3600
21-07-2022,Xăng E5 RON 92-II,25070,-2710
21-07-2022,"Dầu DO 0,05S-II",24850,-1740
21-07-2022,Dầu KO,25240,-1100
11-07-2022,Xăng RON 95-III,29670,-3090
11-07-2022,Xăng E5 RON 92-II,27780,-3110
11-07-2022,"Dầu DO 0,05S-II",26590,-3020
11-07-2022,Dầu KO,26340,-2010
01-07-2022,Xăng RON 95-III,32760,-110
01-07-2022,Xăng E5 RON 92-II,30890,-410
01-07-2022,"Dầu DO 0,05S-II",29610,-400
01-07-2022,Dầu KO,28350,-430
21-06-2022,Xăng RON 95-III,32870,+500
21-06-2022,Xăng E5 RON 92-II,31300,+190
21-06-2022,"Dầu DO 0,05S-II",30010,+990
21-06-2022,Dầu KO,28780,+950
13-06-2022,Xăng RON 95-III,32370,+800
13-06-2022,Xăng E5 RON 92-II,31110,+880
13-06-2022,"Dầu DO 0,05S-II",29020,+2630
13-06-2022,Dầu KO,27830,+2490
01-06-2022,Xăng RON 95-III,31570,+920
01-06-2022,Xăng E5 RON 92-II,30230,+600
01-06-2022,"Dầu DO 0,05S-II",26390,+840
01-06-2022,Dầu KO,25340,+940
23-05-2022,Xăng RON 95-III,30650,+670
23-05-2022,Xăng E5 RON 92-II,29630,+680
23-05-2022,"Dầu DO 0,05S-II",25550,-1100
23-05-2022,Dầu KO,24400,-760
11-05-2022,Xăng RON 95-III,29980,+1550
11-05-2022,Xăng E5 RON 92-II,28950,+1490
11-05-2022,"Dầu DO 0,05S-II",26650,+1120
11-05-2022,Dầu KO,25160,+1340
04-05-2022,Xăng RON 95-III,28430,+440
04-05-2022,Xăng E5 RON 92-II,27460,+330
04-05-2022,"Dầu DO 0,05S-II",25530,+180
04-05-2022,Dầu KO,23820,0
21-04-2022,Xăng RON 95-III,27990,+680
21-04-2022,Xăng E5 RON 92-II,27130,+660
21-04-2022,"Dầu DO 0,05S-II",25350,+970
21-04-2022,Dầu KO,23820,+800
12-04-2022,Xăng RON 95-III,27310,-840
12-04-2022,Xăng E5 RON 92-II,26470,-830
12-04-2022,"Dầu DO 0,05S-II",24380,-700
12-04-2022,Dầu KO,23020,-740
01-04-2022,Xăng RON 95-III,28150,-1040
01-04-2022,Xăng E5 RON 92-II,27300,-1030
01-04-2022,"Dầu DO 0,05S-II",25080,+1450
01-04-2022,Dầu KO,23760,+1520
21-03-2022,Xăng RON 95-III,29190,-630
21-03-2022,Xăng E5 RON 92-II,28330,-650
21-03-2022,"Dầu DO 0,05S-II",23630,-1630
21-03-2022,Dầu KO,22240,-1670
11-03-2022,Xăng RON 95-III,29820,+2990
11-03-2022,Xăng E5 RON 92-II,28980,+2910
11-03-2022,"Dầu DO 0,05S-II",25260,+3950
11-03-2022,Dầu KO,23910,+3940
01-03-2022,Xăng RON 95-III,26830,+550
01-03-2022,Xăng E5 RON 92-II,26070,+540
01-03-2022,"Dầu DO 0,05S-II",21310,+510
01-03-2022,Dầu KO,19970,+470
21-02-2022,Xăng RON 95-III,26280,+960
21-02-2022,Xăng E5 RON 92-II,25530,+960
21-02-2022,"Dầu DO 0,05S-II",20800,+940
21-02-2022,Dầu KO,19500,+750
11-02-2022,Xăng RON 95-III,25320,+960
11-02-2022,Xăng E5 RON 92-II,24570,+980
11-02-2022,"Dầu DO 0,05S-II",19860,+960
11-02-2022,Dầu KO,18750,+960
21-01-2022,Xăng RON 95-III,24360,+490
21-01-2022,Xăng E5 RON 92-II,23590,+440
21-01-2022,"Dầu DO 0,05S-II",18900,+670
21-01-2022,Dầu KO,17790,+660
11-01-2022,Xăng RON 95-III,23870,+580
11-01-2022,Xăng E5 RON 92-II,23150,+600
11-01-2022,"Dầu DO 0,05S-II",18230,+660
11-01-2022,Dầu KO,17130,+620
25-12-2021,Xăng RON 95-III,23290,+490
25-12-2021,Xăng E5 RON 92-II,22550,+470
25-12-2021,"Dầu DO 0,05S-II",17570,+240
25-12-2021,Dầu KO,16510,+190
10-12-2021,Xăng RON 95-III,22800,-1100
10-12-2021,Xăng E5 RON 92-II,22080,-830
10-12-2021,"Dầu DO 0,05S-II",17330,-1050
10-12-2021,Dầu KO,16320,-870
25-11-2021,Xăng RON 95-III,23900,-1090
25-11-2021,Xăng E5 RON 92-II,22910,-750
25-11-2021,"Dầu DO 0,05S-II",18380,-330
25-11-2021,Dầu KO,17190,-440
10-11-2021,Xăng RON 95-III,24990,+660
10-11-2021,Xăng E5 RON 92-II,23660,+550
10-11-2021,"Dầu DO 0,05S-II",18710,0
10-11-2021,Dầu KO,17630,0
26-10-2021,Xăng RON 95-III,24330,+1460
26-10-2021,Xăng E5 RON 92-II,23110,+1430
26-10-2021,"Dầu DO 0,05S-II",18710,+1170
26-10-2021,Dầu KO,17630,+1010
11-10-2021,Xăng RON 95-III,22870,+930
11-10-2021,Xăng E5 RON 92-II,21680,+970
11-10-2021,"Dầu DO 0,05S-II",17540,+960
11-10-2021,Dầu KO,16620,+980
25-09-2021,Xăng RON 95-III,21940,+550
25-09-2021,Xăng E5 RON 92-II,20710,+570
25-09-2021,"Dầu DO 0,05S-II",16580,+560
25-09-2021,Dầu KO,15640,+560
10-09-2021,Xăng RON 95-III,21390,+260
10-09-2021,Xăng E5 RON 92-II,20140,+250
10-09-2021,"Dầu DO 0,05S-II",16020,+360
10-09-2021,Dầu KO,15080,+320
26-08-2021,Xăng RON 95-III,21130,-550
26-08-2021,Xăng E5 RON 92-II,19890,-600
26-08-2021,"Dầu DO 0,05S-II",15660,-510
26-08-2021,Dầu KO,14760,-410
11-08-2021,Xăng RON 95-III,21680,0
11-08-2021,Xăng E5 RON 92-II,20490,0
11-08-2021,"Dầu DO 0,05S-II",16170,-200
11-08-2021,Dầu KO,15170,-220
27-07-2021,Xăng RON 95-III,21680,-100
27-07-2021,Xăng E5 RON 92-II,20490,-120
27-07-2021,"Dầu DO 0,05S-II",16370,-160
27-07-2021,Dầu KO,15390,-110
12-07-2021,Xăng RON 95-III,21780,+870
12-07-2021,Xăng E5 RON 92-II,20610,+850
12-07-2021,"Dầu DO 0,05S-II",16530,+420
12-07-2021,Dầu KO,15500,+450
26-06-2021,Xăng RON 95-III,20910,+750
26-06-2021,Xăng E5 RON 92-II,19760,+720
26-06-2021,"Dầu DO 0,05S-II",16110,+670
26-06-2021,Dầu KO,15050,+640
11-06-2021,Xăng RON 95-III,20160,+630
11-06-2021,Xăng E5 RON 92-II,19040,+620
11-06-2021,"Dầu DO 0,05S-II",15440,+670
11-06-2021,Dầu KO,14410,+590
27-05-2021,Xăng RON 95-III,19530,0
27-05-2021,Xăng E5 RON 92-II,18420,0
27-05-2021,"Dầu DO 0,05S-II",14770,0
27-05-2021,Dầu KO,13820,0
12-05-2021,Xăng RON 95-III,19530,+370
12-05-2021,Xăng E5 RON 92-II,18420,+440
12-05-2021,"Dầu DO 0,05S-II",14770,+450
12-05-2021,Dầu KO,13820,+570
27-04-2021,Xăng RON 95-III,19160,+190
27-04-2021,Xăng E5 RON 92-II,17980,+180
27-04-2021,"Dầu DO 0,05S-II",14320,+180
27-04-2021,Dầu KO,13250,+430
12-04-2021,Xăng RON 95-III,18970,-70
12-04-2021,Xăng E5 RON 92-II,17800,-50
12-04-2021,"Dầu DO 0,05S-II",14140,-100
12-04-2021,Dầu KO,12820,-180
27-03-2021,Xăng RON 95-III,19040,+160
27-03-2021,Xăng E5 RON 92-II,17850,+130
27-03-2021,"Dầu DO 0,05S-II",14240,-160
27-03-2021,Dầu KO,13000,-170
12-03-2021,Xăng RON 95-III,18880,+800
12-03-2021,Xăng E5 RON 92-II,17720,+690
12-03-2021,"Dầu DO 0,05S-II",14400,+560
12-03-2021,Dầu KO,13170,+560
25-02-2021,Xăng RON 95-III,18080,+810
25-02-2021,Xăng E5 RON 92-II,17030,+730
25-02-2021,"Dầu DO 0,05S-II",13840,+800
25-02-2021,Dầu KO,12610,+710
10-02-2021,Xăng RON 95-III,17270,0
10-02-2021,Xăng E5 RON 92-II,16300,0
10-02-2021,"Dầu DO 0,05S-II",13040,0
10-02-2021,Dầu KO,11900,0
26-01-2021,Xăng RON 95-III,17270,+340
26-01-2021,Xăng E5 RON 92-II,16300,+360
26-01-2021,"Dầu DO 0,05S-II",13040,+400
26-01-2021,Dầu KO,11900,+350
11-01-2021,Xăng RON 95-III,16930,+460
11-01-2021,Xăng E5 RON 92-II,15940,+430
11-01-2021,"Dầu DO 0,05S-II",12640,+270
11-01-2021,Dầu KO,11550,+370
26-12-2020,Xăng RON 95-III,16470,+470
26-12-2020,Xăng E5 RON 92-II,15510,+390
26-12-2020,"Dầu DO 0,05S-II",12370,+480
26-12-2020,Dầu KO,11180,+410
11-12-2020,Xăng RON 95-III,16000,+650
11-12-2020,Xăng E5 RON 92-II,15120,+630
11-12-2020,"Dầu DO 0,05S-II",11890,+460
11-12-2020,Dầu KO,10770,+640
26-11-2020,Xăng RON 95-III,15350,+650
26-11-2020,Xăng E5 RON 92-II,14490,+610
26-11-2020,"Dầu DO 0,05S-II",11430,+600
26-11-2020,Dầu KO,10130,+570
11-11-2020,Xăng RON 95-III,14700,-240
11-11-2020,Xăng E5 RON 92-II,13880,-220
11-11-2020,"Dầu DO 0,05S-II",10830,-380
11-11-2020,Dầu KO,9560,-150
27-10-2020,Xăng RON 95-III,14940,-180
27-10-2020,Xăng E5 RON 92-II,14100,-160
27-10-2020,"Dầu DO 0,05S-II",11210,+90
27-10-2020,Dầu KO,9710,+120
12-10-2020,Xăng RON 95-III,15120,+140
12-10-2020,Xăng E5 RON 92-II,14260,+50
12-10-2020,"Dầu DO 0,05S-II",11120,0
12-10-2020,Dầu KO,9590,+150
26-09-2020,Xăng RON 95-III,14980,0
26-09-2020,Xăng E5 RON 92-II,14210,-50
26-09-2020,"Dầu DO 0,05S-II",11120,-390
26-09-2020,Dầu KO,9440,-150
11-09-2020,Xăng RON 95-III,14980,-130
11-09-2020,Xăng E5 RON 92-II,14260,-140
11-09-2020,"Dầu DO 0,05S-II",11510,-450
11-09-2020,Dầu KO,9590,-530
27-08-2020,Xăng RON 95-III,15110,+190
27-08-2020,Xăng E5 RON 92-II,14400,0
27-08-2020,"Dầu DO 0,05S-II",11960,-240
27-08-2020,Dầu KO,10120,-80
12-08-2020,Xăng RON 95-III,14920,-50
12-08-2020,Xăng E5 RON 92-II,14400,0
12-08-2020,"Dầu DO 0,05S-II",12200,-190
12-08-2020,Dầu KO,10200,-70
28-07-2020,Xăng RON 95-III,14970,0
28-07-2020,Xăng E5 RON 92-II,14400,+150
28-07-2020,"Dầu DO 0,05S-II",12390,+280
28-07-2020,Dầu KO,10270,+240
13-07-2020,Xăng RON 95-III,14970,0
13-07-2020,Xăng E5 RON 92-II,14250,0
13-07-2020,"Dầu DO 0,05S-II",12110,0
13-07-2020,Dầu KO,10030,0
27-06-2020,Xăng RON 95-III,14970,+890
27-06-2020,Xăng E5 RON 92-II,14250,+860
27-06-2020,"Dầu DO 0,05S-II",12110,+600
27-06-2020,Dầu KO,10030,+420
12-06-2020,Xăng RON 95-III,14080,+960
12-06-2020,Xăng E5 RON 92-II,13390,+990
12-06-2020,"Dầu DO 0,05S-II",11510,+770
12-06-2020,Dầu KO,9610,+860
28-05-2020,Xăng RON 95-III,13120,+890
28-05-2020,Xăng E5 RON 92-II,12400,+880
28-05-2020,"Dầu DO 0,05S-II",10740,+890
28-05-2020,Dầu KO,8750,+870
13-05-2020,Xăng RON 95-III,12230,+600
13-05-2020,Xăng E5 RON 92-II,11520,+580
13-05-2020,"Dầu DO 0,05S-II",9850,-90
13-05-2020,Dầu KO,7880,-80
28-04-2020,Xăng RON 95-III,11630,-300
28-04-2020,Xăng E5 RON 92-II,10940,-400
28-04-2020,"Dầu DO 0,05S-II",9940,-880
28-04-2020,Dầu KO,7960,-670
13-04-2020,Xăng RON 95-III,11930,-630
13-04-2020,Xăng E5 RON 92-II,11340,-610
13-04-2020,"Dầu DO 0,05S-II",10820,-430
13-04-2020,Dầu KO,8630,-510
29-03-2020,Xăng RON 95-III,12560,-4250
29-03-2020,Xăng E5 RON 92-II,11950,-4100
29-03-2020,"Dầu DO 0,05S-II",11250,-1780
29-03-2020,Dầu KO,9140,-2700
15-03-2020,Xăng RON 95-III,16810,-2310
15-03-2020,Xăng E5 RON 92-II,16050,-2290
15-03-2020,"Dầu DO 0,05S-II",13030,-1750
15-03-2020,Dầu KO,11840,-1830
29-02-2020,Xăng RON 95-III,19120,-260
29-02-2020,Xăng E5 RON 92-II,18340,-160
29-02-2020,"Dầu DO 0,05S-II",14780,-390
29-02-2020,Dầu KO,13670,-280
14-02-2020,Xăng RON 95-III,19380,-740
14-02-2020,Xăng E5 RON 92-II,18500,-760
14-02-2020,"Dầu DO 0,05S-II",15170,-960
14-02-2020,Dầu KO,13950,-1110
30-01-2020,Xăng RON 95-III,20120,-790
30-01-2020,Xăng E5 RON 92-II,19260,-580
30-01-2020,"Dầu DO 0,05S-II",16130,-410
30-01-2020,Dầu KO,15060,-470
15-01-2020,Xăng RON 95-III,20910,-80
15-01-2020,Xăng E5 RON 92-II,19840,-40
15-01-2020,"Dầu DO 0,05S-II",16540,-50
15-01-2020,Dầu KO,15530,-50
31-12-2019,Xăng RON 95-III,20990,+110
31-12-2019,Xăng E5 RON 92-II,19880,+160
31-12-2019,"Dầu DO 0,05S-II",16590,+530
31-12-2019,Dầu KO,15580,+570
16-12-2019,Xăng RON 95-III,20880,-190
16-12-2019,Xăng E5 RON 92-II,19720,-90
16-12-2019,"Dầu DO 0,05S-II",16060,+80
16-12-2019,Dầu KO,15010,+50
30-11-2019,Xăng RON 95-III,21070,+280
30-11-2019,Xăng E5 RON 92-II,19810,+310
30-11-2019,"Dầu DO 0,05S-II",15980,+20
30-11-2019,Dầu KO,14960,0
30-11-2019,Dầu FO 3%S,0,0
30-11-2019,"Dầu FO 3,5%S",0,0
15-11-2019,Xăng RON 95-III,20790,+350
15-11-2019,Xăng E5 RON 92-II,19500,+250
15-11-2019,"Dầu DO 0,05S-II",15960,-90
15-11-2019,Dầu KO,14960,-170
15-11-2019,Dầu FO 3%S,0,0
15-11-2019,"Dầu FO 3,5%S",0,0
31-10-2019,Xăng RON 95-III,20440,-350
31-10-2019,Xăng E5 RON 92-II,19250,-220
31-10-2019,"Dầu DO 0,05S-II",16050,-170
31-10-2019,Dầu KO,15130,-120
31-10-2019,Dầu FO 3%S,0,0
31-10-2019,"Dầu FO 3,5%S",0,0
16-10-2019,Xăng RON 95-III,20790,-270
16-10-2019,Xăng E5 RON 92-II,19470,-310
16-10-2019,"Dầu DO 0,05S-II",16220,-410
16-10-2019,Dầu KO,15250,-530
16-10-2019,Dầu FO 3%S,0,0
16-10-2019,"Dầu FO 3,5%S",0,0
01-10-2019,Xăng RON 95-III,21060,+920
01-10-2019,Xăng E5 RON 92-II,19780,+670
01-10-2019,"Dầu DO 0,05S-II",16630,+430
01-10-2019,Dầu KO,15780,+420
01-10-2019,Dầu FO 3%S,0,0
01-10-2019,"Dầu FO 3,5%S",0,0
16-09-2019,Xăng RON 95-III,20140,-90
16-09-2019,Xăng E5 RON 92-II,19110,-110
16-09-2019,"Dầu DO 0,05S-II",16200,-130
16-09-2019,Dầu KO,15360,+40
16-09-2019,Dầu FO 3%S,0,0
16-09-2019,"Dầu FO 3,5%S",0,0
31-08-2019,Xăng RON 95-III,20230,-170
31-08-2019,Xăng E5 RON 92-II,19220,-130
31-08-2019,"Dầu DO 0,05S-II",16330,-170
31-08-2019,Dầu KO,15320,-70
31-08-2019,Dầu FO 3%S,0,0
31-08-2019,"Dầu FO 3,5%S",0,0
16-08-2019,Xăng RON 95-III,20400,-510
16-08-2019,Xăng E5 RON 92-II,19350,-550
16-08-2019,"Dầu DO 0,05S-II",16500,-520
16-08-2019,Dầu KO,15390,-570
16-08-2019,Dầu FO 3%S,0,0
16-08-2019,"Dầu FO 3,5%S",0,0
01-08-2019,Xăng RON 95-III,20910,-320
01-08-2019,Xăng E5 RON 92-II,19900,-370
01-08-2019,"Dầu DO 0,05S-II",17020,+30
01-08-2019,Dầu KO,15960,+10
01-08-2019,Dầu FO 3%S,0,0
01-08-2019,"Dầu FO 3,5%S",0,0
17-07-2019,Xăng RON 95-III,21230,+720
17-07-2019,Xăng E5 RON 92-II,20270,+620
17-07-2019,"Dầu DO 0,05S-II",16990,+50
17-07-2019,Dầu KO,15950,+20
17-07-2019,Dầu FO 3%S,0,0
17-07-2019,"Dầu FO 3,5%S",0,0
02-07-2019,Xăng RON 95-III,20510,+380
02-07-2019,Xăng E5 RON 92-II,19650,+420
02-07-2019,"Dầu DO 0,05S-II",16940,+290
02-07-2019,Dầu KO,15930,+320
02-07-2019,Dầu FO 3%S,0,0
02-07-2019,"Dầu FO 3,5%S",0,0
17-06-2019,Xăng RON 95-III,20130,-1080
17-06-2019,Xăng E5 RON 92-II,19230,-980
17-06-2019,"Dầu DO 0,05S-II",16650,-740
17-06-2019,Dầu KO,15610,-610
17-06-2019,Dầu FO 3%S,0,0
17-06-2019,"Dầu FO 3,5%S",0,0
01-06-2019,Xăng RON 95-III,21210,-380
01-06-2019,Xăng E5 RON 92-II,20210,-270
01-06-2019,"Dầu DO 0,05S-II",17390,-220
01-06-2019,Dầu KO,16220,-200
01-06-2019,Dầu FO 3%S,0,0
01-06-2019,"Dầu FO 3,5%S",0,0
17-05-2019,Xăng RON 95-III,21590,-600
17-05-2019,Xăng E5 RON 92-II,20480,-200
17-05-2019,"Dầu DO 0,05S-II",17610,-80
17-05-2019,Dầu KO,16420,-200
17-05-2019,Dầu FO 3%S,0,0
17-05-2019,"Dầu FO 3,5%S",0,0
02-05-2019,Xăng RON 95-III,22190,+960
02-05-2019,Xăng E5 RON 92-II,20680,+980
02-05-2019,"Dầu DO 0,05S-II",17690,+310
02-05-2019,Dầu KO,16620,+360
02-05-2019,Dầu FO 3%S,0,0
02-05-2019,"Dầu FO 3,5%S",0,0
17-04-2019,Xăng RON 95-III,21230,+1200
17-04-2019,Xăng E5 RON 92-II,19700,+1120
17-04-2019,"Dầu DO 0,05S-II",17380,+300
17-04-2019,Dầu KO,16260,+290
17-04-2019,Dầu FO 3%S,0,0
17-04-2019,"Dầu FO 3,5%S",0,0
02-04-2019,Xăng RON 95-III,20030,+1490
02-04-2019,Xăng E5 RON 92-II,18580,+1370
02-04-2019,"Dầu DO 0,05S-II",17080,+1220
02-04-2019,Dầu KO,15970,+1090
02-04-2019,Dầu FO 3%S,0,0
02-04-2019,"Dầu FO 3,5%S",0,0
18-03-2019,Xăng RON 95-III,18540,0
18-03-2019,Xăng E5 RON 92-II,17210,0
18-03-2019,"Dầu DO 0,05S-II",15860,0
18-03-2019,Dầu KO,14880,0
18-03-2019,Dầu FO 3%S,0,0
18-03-2019,"Dầu FO 3,5%S",0,0
02-03-2019,Xăng RON 95-III,18540,+940
02-03-2019,Xăng E5 RON 92-II,17210,+940
02-03-2019,"Dầu DO 0,05S-II",15860,+960
02-03-2019,Dầu KO,14880,+700
02-03-2019,Dầu FO 3%S,0,0
02-03-2019,"Dầu FO 3,5%S",0,0
15-02-2019,Xăng RON 95-III,17600,0
15-02-2019,Xăng E5 RON 92-II,16270,0
15-02-2019,"Dầu DO 0,05S-II",14900,0
15-02-2019,Dầu KO,14180,0
15-02-2019,Dầu FO 3%S,0,0
15-02-2019,"Dầu FO 3,5%S",0,0
31-01-2019,Xăng RON 95-III,17600,0
31-01-2019,Xăng E5 RON 92-II,16270,0
31-01-2019,"Dầu DO 0,05S-II",14900,0
31-01-2019,Dầu KO,14180,0
31-01-2019,Dầu FO 3%S,0,0
31-01-2019,"Dầu FO 3,5%S",0,0
16-01-2019,Xăng RON 95-III,17600,0
16-01-2019,Xăng E5 RON 92-II,16270,0
16-01-2019,"Dầu DO 0,05S-II",14900,0
16-01-2019,Dầu KO,14180,0
16-01-2019,Dầu FO 3%S,0,0
16-01-2019,"Dầu FO 3,5%S",0,0
01-01-2019,Xăng RON 95-III,17600,-540
01-01-2019,Xăng E5 RON 92-II,16270,-510
01-01-2019,"Dầu DO 0,05S-II",14900,-1100
01-01-2019,Xăng RON 95-IV,17800,-540
01-01-2019,"Dầu DO 0,005S-IV",14950,-1100
01-01-2019,Dầu KO,14180,-820
01-01-2019,Dầu FO 3%S,0,0
01-01-2019,"Dầu FO 3,5%S",0,0
21-12-2018,Xăng RON 95-III,18140,-310
21-12-2018,Xăng E5 RON 92-II,16780,-400
21-12-2018,"Dầu DO 0,05S-II",16000,-250
21-12-2018,Xăng RON 95-IV,18340,-310
21-12-2018,"Dầu DO 0,005S-IV",16050,-250
21-12-2018,Dầu KO,15000,-250
21-12-2018,Dầu FO 3%S,0,0
21-12-2018,"Dầu FO 3,5%S",0,0
06-12-2018,Xăng RON 95-III,18450,-1520
06-12-2018,Xăng E5 RON 92-II,17180,-1440
06-12-2018,"Dầu DO 0,05S-II",16250,-1380
06-12-2018,Xăng RON 95-IV,18650,-1520
06-12-2018,"Dầu DO 0,005S-IV",16300,-1380
06-12-2018,Dầu KO,15250,-990
06-12-2018,Dầu FO 3%S,0,0
06-12-2018,"Dầu FO 3,5%S",0,0
21-11-2018,Xăng RON 95-III,19970,-1090
21-11-2018,Xăng E5 RON 92-II,18620,-980
21-11-2018,"Dầu DO 0,05S-II",17630,-910
21-11-2018,Xăng RON 95-IV,20170,-1090
21-11-2018,"Dầu DO 0,005S-IV",17680,-910
21-11-2018,Dầu KO,16240,-840
21-11-2018,Dầu FO 3%S,0,0
21-11-2018,"Dầu FO 3,5%S",0,0
06-11-2018,Xăng RON 95-III,21060,-1140
06-11-2018,Xăng E5 RON 92-II,19600,-1080
06-11-2018,"Dầu DO 0,05S-II",18540,-70
06-11-2018,Xăng RON 95-IV,21260,-1140
06-11-2018,"Dầu DO 0,005S-IV",18590,-70
06-11-2018,Dầu KO,17080,0
06-11-2018,Dầu FO 3%S,0,0
06-11-2018,"Dầu FO 3,5%S",0,0
22-10-2018,Xăng RON 95-III,22200,-140
22-10-2018,Xăng E5 RON 92-II,20680,-220
22-10-2018,"Dầu DO 0,05S-II",18610,0
22-10-2018,Xăng RON 95-IV,22400,-140
22-10-2018,"Dầu DO 0,005S-IV",18660,0
22-10-2018,Dầu KO,17080,0
22-10-2018,Dầu FO 3%S,0,0
22-10-2018,"Dầu FO 3,5%S",0,0
06-10-2018,Xăng RON 95-III,22340,+570
06-10-2018,Xăng E5 RON 92-II,20900,+670
06-10-2018,"Dầu DO 0,05S-II",18610,+490
06-10-2018,Xăng RON 95-IV,22540,+570
06-10-2018,"Dầu DO 0,005S-IV",18660,+490
06-10-2018,Dầu KO,17080,+400
06-10-2018,Dầu FO 3%S,0,0
06-10-2018,"Dầu FO 3,5%S",0,0
21-09-2018,Xăng RON 95-III,21770,+300
21-09-2018,Xăng E5 RON 92-II,20230,+320
21-09-2018,"Dầu DO 0,05S-II",18120,+60
21-09-2018,Xăng RON 95-IV,21970,+300
21-09-2018,"Dầu DO 0,005S-IV",18170,+60
21-09-2018,Dầu KO,16680,+130
21-09-2018,Dầu FO 3%S,0,0
21-09-2018,"Dầu FO 3,5%S",0,0
06-09-2018,Xăng RON 95-III,21470,+300
06-09-2018,Xăng E5 RON 92-II,19910,+300
06-09-2018,"Dầu DO 0,05S-II",18060,+380
06-09-2018,Xăng RON 95-IV,21670,+300
06-09-2018,"Dầu DO 0,005S-IV",18110,+380
06-09-2018,Dầu KO,16550,+290
06-09-2018,Dầu FO 3%S,0,0
06-09-2018,"Dầu FO 3,5%S",0,0
22-08-2018,Xăng RON 95-III,21170,
22-08-2018,Xăng E5 RON 92-II,19610,
22-08-2018,"Dầu DO 0,05S-II",17680,
22-08-2018,Xăng RON 95-IV,21370,
22-08-2018,"Dầu DO 0,005S-IV",17730,
22-08-2018,Dầu KO,16260,
22-08-2018,Dầu FO 3%S,0,
22-08-2018,"Dầu FO 3,5%S",0,
